Title,Current_Price,Date
Modular Bean Bag Section Sofa Armless Gray - Room Essentials™,,2025-12-08
Modular Bean Bag Section Sofa Armless Gray - Room Essentials™,,2025-12-08
Modular Bean Bag Section Sofa Armless Gray - Room Essentials™,,2025-12-08
Modular Bean Bag Section Sofa Armless Gray - Room Essentials™,,2025-12-08
Modular Bean Bag Section Sofa Armless Gray - Room Essentials™,,2025-12-08
Modular Bean Bag Section Sofa Armless Gray - Room Essentials™,,2025-12-08
Modular Bean Bag Section Sofa Armless Gray - Room Essentials™,,2025-12-08
Modular Bean Bag Section Sofa Armless Gray - Room Essentials™,,2025-12-08
Modular Bean Bag Section Sofa Armless Gray - Room Essentials™,,2025-12-08
Modular Bean Bag Section Sofa Armless Gray - Room Essentials™,,2025-12-08
Modular Bean Bag Section Sofa Armless Gray - Room Essentials™,,2025-12-08
Modular Bean Bag Section Sofa Armless Gray - Room Essentials™,,2025-12-08
Modular Bean Bag Section Sofa Armless Gray - Room Essentials™,,2025-12-08
Modular Bean Bag Section Sofa Armless Gray - Room Essentials™,,2025-12-08
Modular Bean Bag Section Sofa Armless Gray - Room Essentials™,,2025-12-08
Modular Bean Bag Section Sofa Armless Gray - Room Essentials™,,2025-12-08
Modular Bean Bag Section Sofa Armless Gray - Room Essentials™,,2025-12-08
Modular Bean Bag Section Sofa Armless Gray - Room Essentials™,,2025-12-08
